{
  "by_strata": {
    "run_id=bedrock_claude_instant_v1_in1024_out1024_concur1": {
      "e2e_latency_ms": {
        "max": 23854.578636586666,
        "mean": 7511.342178638044,
        "min": 1652.2901579737663,
        "n": 57,
        "p25": 4642.878524959087,
        "p50": 6222.7714620530605,
        "p75": 9391.737680882215,
        "p90": 12250.138127058744,
        "p95": 14799.863285571328,
        "p99": 21952.03029572963
      },
      "itl_ms": {
        "max": 53.3404848698912,
        "mean": 14.933458671436467,
        "min": 8.094938642407172,
        "n": 57,
        "p25": 11.162068232440278,
        "p50": 12.792061119476246,
        "p75": 14.920351191087903,
        "p90": 22.72618463444262,
        "p95": 25.91152045110699,
        "p99": 51.554878978536486
      },
      "request_output_throughput_tps": {
        "max": 110.3823730820305,
        "mean": 65.98988929485034,
        "min": 16.055926473973944,
        "n": 57,
        "p25": 57.29728257391394,
        "p50": 65.64957421860304,
        "p75": 75.57245771934947,
        "p90": 90.92765969934206,
        "p95": 99.73271074611664,
        "p99": 106.42499418000948
      },
      "ttft_ms": {
        "max": 2199.0757696330547,
        "mean": 1293.949084389105,
        "min": 1129.8867650330067,
        "n": 57,
        "p25": 1173.2318922877312,
        "p50": 1219.3979024887085,
        "p75": 1273.735634982586,
        "p90": 1511.4243939518926,
        "p95": 1899.415288865566,
        "p99": 2174.612186104059
      }
    },
    "run_id=bedrock_claude_instant_v1_in1024stddev100_out1024_concur1": {
      "e2e_latency_ms": {
        "max": 32089.232746511698,
        "mean": 6256.855537814478,
        "min": 1212.6728110015392,
        "n": 93,
        "p25": 3421.45649343729,
        "p50": 4537.420522421598,
        "p75": 7572.193171828985,
        "p90": 12026.574920862911,
        "p95": 15126.780568808312,
        "p99": 20064.79333952067
      },
      "itl_ms": {
        "max": 109.52746495604515,
        "mean": 16.115166173856302,
        "min": 8.408204067772601,
        "n": 93,
        "p25": 11.571862054526385,
        "p50": 13.654470892391936,
        "p75": 17.548146159768855,
        "p90": 21.06065088652971,
        "p95": 26.40211819121995,
        "p99": 56.95037899959462
      },
      "request_output_throughput_tps": {
        "max": 103.93937035437332,
        "mean": 61.24621569741961,
        "min": 8.246247387818533,
        "n": 93,
        "p25": 49.51524924950387,
        "p50": 62.93789658783124,
        "p75": 72.09268713490837,
        "p90": 80.74968912527935,
        "p95": 91.27259767262343,
        "p99": 100.62724857455237
      },
      "ttft_ms": {
        "max": 3865.53343757987,
        "mean": 1338.0812261533993,
        "min": 1116.9471554458141,
        "n": 93,
        "p25": 1187.738623470068,
        "p50": 1235.2316826581955,
        "p75": 1341.7392931878567,
        "p90": 1551.498257368803,
        "p95": 1890.705241262911,
        "p99": 2683.5359649360157
      }
    },
    "run_id=bedrock_claude_instant_v1_in252_out1024_concur1_dm": {
      "e2e_latency_ms": {
        "max": 3613.522693514824,
        "mean": 1179.3505199626088,
        "min": 981.608759611845,
        "n": 100,
        "p25": 1053.935008123517,
        "p50": 1098.3256176114082,
        "p75": 1156.6444877535105,
        "p90": 1353.9893794804811,
        "p95": 1479.7777922824023,
        "p99": 2484.853081218904
      },
      "itl_ms": {
        "max": 102.98906383769852,
        "mean": 33.103790593871516,
        "min": 14.740716706475487,
        "n": 100,
        "p25": 29.81892307954175,
        "p50": 30.98935623254095,
        "p75": 32.657120483262204,
        "p90": 38.19951713085175,
        "p95": 42.0434087355222,
        "p99": 70.41691154560888
      },
      "request_output_throughput_tps": {
        "max": 41.01407542576052,
        "mean": 21.384233487307124,
        "min": 6.641718355075703,
        "n": 100,
        "p25": 20.841331071548588,
        "p50": 21.914243209909465,
        "p75": 22.817103906639502,
        "p90": 23.64507176305301,
        "p95": 24.066908897909833,
        "p99": 24.64106475733906
      },
      "ttft_ms": {
        "max": 2189.79137763381,
        "mean": 1127.96700514853,
        "min": 973.5729694366455,
        "n": 100,
        "p25": 1044.4428557530046,
        "p50": 1088.1603620946407,
        "p75": 1138.7400813400745,
        "p90": 1242.7471671253443,
        "p95": 1470.884480513632,
        "p99": 1781.2556256726405
      }
    },
    "run_id=bedrock_claude_instant_v1_in252_out1024_concur1_dm_apne1": {
      "e2e_latency_ms": {
        "max": 3021.487705409527,
        "mean": 702.6527466252446,
        "min": 495.87268754839897,
        "n": 100,
        "p25": 574.136508628726,
        "p50": 596.8509912490845,
        "p75": 735.6949392706156,
        "p90": 877.1283056586981,
        "p95": 946.4772079139943,
        "p99": 1784.8857572674815
      },
      "itl_ms": {
        "max": 85.91456849660192,
        "mean": 19.768499507847906,
        "min": 15.239978519578775,
        "n": 100,
        "p25": 16.01796507362335,
        "p50": 16.692864149808884,
        "p75": 20.89070006510856,
        "p90": 24.684267874274937,
        "p95": 26.240786276757703,
        "p99": 50.74381009276443
      },
      "request_output_throughput_tps": {
        "max": 44.64939884864077,
        "mean": 36.7371382724966,
        "min": 7.943106952588803,
        "n": 100,
        "p25": 31.964845596900883,
        "p50": 40.23236812650498,
        "p75": 41.924930884633994,
        "p90": 42.836427437593585,
        "p95": 43.17604709265374,
        "p99": 44.467376328495426
      },
      "ttft_ms": {
        "max": 1287.853516638279,
        "mean": 656.3960088416934,
        "min": 489.1594760119915,
        "n": 100,
        "p25": 556.5623119473457,
        "p50": 583.8937815278769,
        "p75": 706.4213873818517,
        "p90": 860.9537813812494,
        "p95": 889.6508917212486,
        "p99": 1250.113903731108
      }
    }
  },
  "overall": {
    "e2e_latency_ms": {
      "max": 32089.232746511698,
      "mean": 3423.5268453082867,
      "min": 495.87268754839897,
      "n": 350,
      "p25": 874.0888955071568,
      "p50": 1178.7123698741198,
      "p75": 4706.2658574432135,
      "p90": 8495.728864893323,
      "p95": 11774.413351342086,
      "p99": 17990.822332017106
    },
    "itl_ms": {
      "max": 109.52746495604515,
      "mean": 21.820418881749877,
      "min": 8.094938642407172,
      "n": 350,
      "p25": 14.013912841317367,
      "p50": 16.889313760375337,
      "p75": 29.698773728379013,
      "p90": 32.53780488456999,
      "p95": 37.57431214941401,
      "p99": 69.1436550030928
    },
    "number_input_tokens": {
      "max": 1301.0,
      "mean": 583.6085714285714,
      "min": 252.0,
      "n": 350,
      "p25": 252.0,
      "p50": 252.0,
      "p75": 1024.0,
      "p90": 1064.5,
      "p95": 1130.55,
      "p99": 1229.7499999999998
    },
    "number_output_tokens": {
      "max": 1138.0,
      "mean": 227.28857142857143,
      "min": 11.0,
      "n": 350,
      "p25": 35.0,
      "p50": 35.0,
      "p75": 347.0,
      "p90": 713.1,
      "p95": 871.75,
      "p99": 1113.59
    },
    "request_output_throughput_tps": {
      "max": 110.3823730820305,
      "mean": 43.62702550184819,
      "min": 6.641718355075703,
      "n": 350,
      "p25": 23.01967380192623,
      "p50": 41.038357211389595,
      "p75": 60.086289678725976,
      "p90": 73.43070283525702,
      "p95": 83.90930287244963,
      "p99": 100.28111366507186
    },
    "ttft_ms": {
      "max": 3865.53343757987,
      "mean": 1076.0941521184784,
      "min": 489.1594760119915,
      "n": 350,
      "p25": 852.8900686651468,
      "p50": 1136.2932696938515,
      "p75": 1225.0055968761444,
      "p90": 1352.231364324689,
      "p95": 1554.4984225183725,