{
  "numeric_distributions": {
    "host_count": {
      "count": 79999,
      "max": 10.0,
      "mean": 9.999849998124976,
      "median": 10.0,
      "min": 8.0,
      "p50": 10.0,
      "p90": 10.0,
      "p95": 10.0,
      "p99": 10.0
    },
    "value_mean": {
      "count": 79999,
      "max": 1886.4,
      "mean": 903.5827485343585,
      "median": 841.7,
      "min": 455.3,
      "p50": 841.7,
      "p90": 1448.6,
      "p95": 1480.3,
      "p99": 1588.3
    },
    "value_p50": {
      "count": 79999,
      "max": 1235.0,
      "mean": 454.74068425855324,
      "median": 310.0,
      "min": 60.0,
      "p50": 310.0,
      "p90": 870.0,
      "p95": 895.0,
      "p99": 925.0
    },
    "value_p90": {
      "count": 79999,
      "max": 6105.0,
      "mean": 2833.1564644558057,
      "median": 2520.0,
      "min": 940.0,
      "p50": 2520.0,
      "p90": 4669.0,
      "p95": 4785.0,
      "p99": 5075.0
    },
    "value_p95": {
      "count": 79999,
      "max": 6130.0,
      "mean": 2939.900723759047,
      "median": 2715.0,
      "min": 1421.0,
      "p50": 2715.0,
      "p90": 4756.0,
      "p95": 4855.0,
      "p99": 5270.0
    },
    "value_p99": {
      "count": 79999,
      "max": 6130.0,
      "mean": 2939.900723759047,
      "median": 2715.0,
      "min": 1421.0,
      "p50": 2715.0,
      "p90": 4756.0,
      "p95": 4855.0,
      "p99": 5270.0
    }
  },
  "subgroup_counts": {}
}