{
  "by_strata": {},
  "overall": {
    "error_rate": {
      "count": 3,
      "max": 0.0,
      "mean": 0.0,
      "min": 0.0,
      "p50": 0.0,
      "p90": 0.0,
      "p95": 0.0,
      "p99": 0.0
    },
    "mean_tpot_ms": {
      "count": 1,
      "max": 200.5217293587934,
      "mean": 200.5217293587934,
      "min": 200.5217293587934,
      "p50": 200.5217293587934,
      "p90": 200.5217293587934,
      "p95": 200.5217293587934,
      "p99": 200.5217293587934
    },
    "mean_ttft_ms": {
      "count": 3,
      "max": 6047.122617400601,
      "mean": 2015.7075391335336,
      "min": 0.0,
      "p50": 0.0,
      "p90": 6047.122617400601,
      "p95": 6047.122617400601,
      "p99": 6047.122617400601
    },
    "peak_mem_mb": {
      "count": 3,
      "max": 0.0,
      "mean": 0.0,
      "min": 0.0,
      "p50": 0.0,
      "p90": 0.0,
      "p95": 0.0,
      "p99": 0.0
    },
    "throughput_tps": {
      "count": 3,
      "max": 2341.3777779515576,
      "mean": 1253.6862854125427,
      "min": 142.94426320075533,
      "p50": 1276.736815085315,
      "p90": 2341.3777779515576,
      "p95": 2341.3777779515576,
      "p99": 2341.3777779515576
    }
  },
  "subgroup_counts": {
    "engine=vllm-hust|model_family=Qwen2.5-14B-Instruct|workload_name=sonnet-throughput": 2,
    "engine=vllm-hust|model_family=Qwen2.5-7B-Instruct|workload_name=sharegpt-online": 1
  }
}