{
  "numeric_distributions": {
    "duration_ms": {
      "count": 2294,
      "max": 295068.27688217163,
      "mean": 11185.440152961479,
      "median": 6607.851982116699,
      "min": 0.0,
      "p50": 6604.652166366577,
      "p90": 28256.859064102173,
      "p95": 38537.590980529785,
      "p99": 56155.394077301025
    },
    "input_messages_chars": {
      "count": 2294,
      "max": 208923.0,
      "mean": 61292.99433304272,
      "median": 50254.0,
      "min": 142.0,
      "p50": 50160.0,
      "p90": 129897.0,
      "p95": 155959.0,
      "p99": 191395.0
    },
    "input_tokens": {
      "count": 2294,
      "max": 67657.0,
      "mean": 27541.35047951177,
      "median": 26319.0,
      "min": 0.0,
      "p50": 26314.0,
      "p90": 46670.0,
      "p95": 53053.0,
      "p99": 62833.0
    },
    "output_messages_chars": {
      "count": 2294,
      "max": 8755.0,
      "mean": 718.8173496076722,
      "median": 338.0,
      "min": 0.0,
      "p50": 338.0,
      "p90": 1771.0,
      "p95": 2737.0,
      "p99": 4470.0
    },
    "output_tokens": {
      "count": 2294,
      "max": 7566.0,
      "mean": 244.39319965126415,
      "median": 98.0,
      "min": 0.0,
      "p50": 98.0,
      "p90": 578.0,
      "p95": 816.0,
      "p99": 1744.0
    }
  },
  "subgroup_counts": {
    "benchmark": {
      "swebench": 2294
    },
    "harness": {
      "claude_code": 2294
    },
    "request_model": {
      "azure/DeepSeek-V3.2": 799,
      "azure/Kimi-K2.5": 1495
    }
  }
}