{
  "cache_reuse_pct_quantiles": {
    "count": 63240,
    "mean": 57.002162,
    "p0": 0.0,
    "p10": 3.2258,
    "p100": 100.0,
    "p25": 14.2857,
    "p50": 71.4286,
    "p75": 90.0,
    "p90": 92.3077,
    "p95": 96.2963,
    "p99": 100.0
  },
  "hash_ids_count_quantiles": {
    "count": 63240,
    "mean": 19.439421,
    "p0": 1.0,
    "p10": 3.0,
    "p100": 374.0,
    "p25": 7.0,
    "p50": 13.0,
    "p75": 19.0,
    "p90": 41.0,
    "p95": 62.0,
    "p99": 132.0
  },
  "input_length_quantiles": {
    "count": 63240,
    "mean": 9672.995509,
    "p0": 13.0,
    "p10": 1253.0,
    "p100": 191378.0,
    "p25": 3167.0,
    "p50": 6402.0,
    "p75": 9464.0,
    "p90": 20894.0,
    "p95": 31562.0,
    "p99": 67212.0
  },
  "output_length_quantiles": {
    "count": 63240,
    "mean": 210.58055,
    "p0": 1.0,
    "p10": 3.0,
    "p100": 2000.0,
    "p25": 17.0,
    "p50": 77.0,
    "p75": 387.0,
    "p90": 527.0,
    "p95": 621.0,
    "p99": 933.0
  },
  "per_trace": {
    "arxiv": {
      "high_reuse_rate": 0.738,
      "rows": 23608
    },
    "conversation": {
      "high_reuse_rate": 0.4247,
      "rows": 12031
    },
    "synthetic": {
      "high_reuse_rate": 0.4433,
      "rows": 3993
    },
    "toolagent": {
      "high_reuse_rate": 0.738,
      "rows": 23608
    }
  }
}
