{
  "DAM": {
    "mean_off": 6.217003023758779,
    "mean_on": 15.048424773153057,
    "mean_delta_pp": 8.831421749394275,
    "ci_lo": 5.778062898841767,
    "ci_hi": 11.665025653487787,
    "verdict": "SIGNIFICANT (+)",
    "per_seed_delta": [
      11.483220785845518,
      14.095419458191216,
      8.415478811278627,
      7.0919517503374045,
      9.784393362496946,
      2.118066328215943
    ]
  },
  "RT": {
    "mean_off": 5.116814552221778,
    "mean_on": 14.358640211242951,
    "mean_delta_pp": 9.241825659021176,
    "ci_lo": 6.415704764343405,
    "ci_hi": 11.505828584766563,
    "verdict": "SIGNIFICANT (+)",
    "per_seed_delta": [
      11.505340218789378,
      12.519036803776201,
      10.627321069058304,
      7.38833722681103,
      10.492620365756926,
      2.9182982699352067
    ]
  }
}