{
  "full": {
    "mean_delta_pp": 9.241825659021176,
    "ci_lo": 6.415704764343405,
    "ci_hi": 11.505828584766563,
    "verdict": "SIGNIFICANT (+)",
    "per_seed_delta": [
      11.505340218789378,
      12.519036803776201,
      10.627321069058304,
      7.38833722681103,
      10.492620365756926,
      2.9182982699352067
    ]
  },
  "pjm": {
    "mean_delta_pp": -2.7733311379559447,
    "ci_lo": -8.018811713486244,
    "ci_hi": 1.5954492644286669,
    "verdict": "NOT SIGNIFICANT",
    "per_seed_delta": [
      3.9776008688737354,
      -4.166410553015252,
      -14.46693491292245,
      3.601736079496229,
      -4.147391068631095,
      -1.4385872415368337
    ]
  },
  "winter": {
    "mean_delta_pp": 1.366051006740614,
    "ci_lo": -0.6233322781901932,
    "ci_hi": 3.0306430497446044,
    "verdict": "NOT SIGNIFICANT",
    "per_seed_delta": [
      -0.6652753990395175,
      2.655555819888626,
      2.10580875858881,
      -2.618662966517455,
      2.6754618708619127,
      4.043417956661308
    ]
  },
  "pjm_winter": {
    "mean_delta_pp": -3.8830214982822984,
    "ci_lo": -8.227305357348092,
    "ci_hi": -0.1834016205710093,
    "verdict": "SIGNIFICANT (-)",
    "per_seed_delta": [
      2.541622271089037,
      -4.000970177290007,
      -13.11350454679965,
      -6.634043032580179,
      -0.3965957685582744,
      -1.6946377355547133
    ]
  },
  "_off_mean": 5.116814552221778
}