{
  "numeric_distributions": {
    "cpu_count": {
      "count": 62413,
      "max": 15872.0,
      "mean": 127.60721324083124,
      "median": 8.0,
      "min": 1.0,
      "p50": 8.0,
      "p90": 8.0,
      "p95": 8.0,
      "p99": 3840.0
    },
    "duration_s": {
      "count": 62413,
      "max": 2968326.0,
      "mean": 482.3884126704373,
      "median": 28.0,
      "min": 3.0,
      "p50": 28.0,
      "p90": 260.0,
      "p95": 924.0,
      "p99": 3992.0
    },
    "gpu_count": {
      "count": 62413,
      "max": 1024.0,
      "mean": 8.538509605370676,
      "median": 0.0,
      "min": 0.0,
      "p50": 0.0,
      "p90": 1.0,
      "p95": 1.0,
      "p99": 256.0
    },
    "gpu_seconds": {
      "count": 19907,
      "max": 315372960.0,
      "mean": 267904.7601848596,
      "median": 145.0,
      "min": 8.0,
      "p50": 145.0,
      "p90": 3541.0,
      "p95": 41184.0,
      "p99": 1846784.0
    },
    "node_count": {
      "count": 62413,
      "max": 128.0,
      "mean": 1.9983497027862784,
      "median": 1.0,
      "min": 1.0,
      "p50": 1.0,
      "p90": 1.0,
      "p95": 1.0,
      "p99": 32.0
    },
    "queue_wait_s": {
      "count": 62413,
      "max": 2968325.0,
      "mean": 128.5187701280182,
      "median": 12.0,
      "min": 0.0,
      "p50": 12.0,
      "p90": 79.0,
      "p95": 199.0,
      "p99": 1743.0
    }
  },
  "subgroup_counts": {
    "state": {
      "CANCELLED": 1263,
      "COMPLETED": 47311,
      "FAILED": 13836,
      "RUNNING": 3
    },
    "type": {
      "CPU": 42506,
      "Debug": 537,
      "Eval": 18471,
      "Other": 250,
      "Pretrain": 641,
      "SFT": 8
    }
  }
}