{"archive": "/tmp/v2026_w_job/archive.zip", "processed": ["asi_opensource_job_execution_summary/part-000.parquet"], "bytes_streamed": 1188294827, "state": {"duration_hours": {"n": 40522321, "s": 208826636.77578762, "ss": 93945702976.66153, "mn": 0.005555555555555556, "mx": 1824.0}, "duration_hist": {"lo": 0.0, "hi": 168.0, "nbins": 168, "counts": [27399831, 4860437, 2206930, 1313563, 915438, 648427, 416172, 325470, 258826, 219500, 179759, 149243, 113180, 99051, 79687, 75727, 66872, 60841, 46447, 44307, 36742, 34828, 26225, 218829, 101898, 11778, 10361, 10293, 9826, 11474, 9761, 10261, 8307, 7653, 6699, 7307, 7275, 6159, 5623, 4134, 4455, 4610, 4094, 3853, 2962, 3041, 3267, 9750, 22966, 2912, 3695, 3570, 3104, 3545, 3683, 3017, 3103, 3064, 1932, 2260, 3009, 2568, 1857, 1940, 1643, 1654, 965, 1225, 1606, 1245, 1415, 4121, 7894, 1595, 1476, 1485, 1361, 1391, 1795, 2012, 1600, 1625, 1138, 1363, 1491, 1182, 1043, 780, 1223, 1006, 841, 731, 771, 823, 999, 6007, 16689, 819, 911, 956, 800, 1238, 1164, 1090, 1120, 1052, 699, 1218, 1597, 1183, 796, 647, 885, 771, 483, 440, 620, 623, 661, 13068, 40998, 663, 822, 977, 757, 783, 1145, 868, 822, 731, 536, 726, 786, 630, 524, 414, 528, 641, 578, 463, 521, 410, 567, 2344, 4368, 510, 579, 615, 685, 498, 725, 758, 623, 627, 407, 569, 637, 533, 457, 410, 688, 517, 277, 330, 397, 291, 355, 2107], "below": 0, "above": 213690}, "schedule_delay_s": {"n": 40129894, "s": 17695379649.0, "ss": 791114659130651.0, "mn": -1.0, "mx": 86399.0}, "schedule_delay_hist": {"lo": 0.0, "hi": 300.0, "nbins": 150, "counts": [25406019, 738767, 173427, 81078, 60279, 95729, 119224, 114866, 37494, 32308, 26689, 24484, 33807, 80396, 92783, 235062, 318352, 339888, 382012, 430410, 218723, 82553, 74232, 18422, 16687, 16085, 15632, 26361, 77546, 86852, 46852, 14387, 13114, 12138, 12572, 206808, 322323, 327442, 303053, 333540, 136736, 13864, 21865, 66699, 73330, 34555, 11470, 10843, 11044, 10064, 40543, 57662, 53353, 11260, 10180, 154460, 240338, 257459, 321370, 349194, 154376, 34908, 37811, 36484, 36825, 62033, 78020, 72337, 35593, 32772, 17470, 6873, 12839, 45150, 48788, 129833, 177331, 180509, 195204, 210788, 103946, 36505, 31921, 4240, 3612, 3229, 3120, 7718, 31381, 34164, 15126, 4270, 4319, 4426, 4404, 114818, 179253, 181098, 167283, 183053, 73195, 3537, 7124, 30507, 34159, 13986, 1884, 1825, 1768, 1836, 16882, 26073, 24192, 2834, 2274, 87476, 138326, 146431, 175690, 194386, 78025, 3054, 2066, 1889, 2325, 18168, 27667, 25952, 4200, 3501, 9431, 12616, 16784, 38112, 39577, 104574, 143796, 147291, 158325, 175293, 88014, 29999, 26936, 1885, 1210, 1071, 1175, 4336, 21471, 23331], "below": 232953, "above": 2041967}, "ready_delay_s": {"n": 40129894, "s": 20964124655.0, "ss": 1033650069618235.0, "mn": -1.0, "mx": 86399.0}, "gpu_request": {"n": 40522321, "s": 49246561.88912864, "ss": 161173243.30232835, "mn": 0.01, "mx": 16.0}, "priority_class": {"counts": {"HP": 6613881, "LP": 33469953, "Other": 438487}}, "job_type_public": {"counts": {"online_inference": 5054990, "offline_inference": 32194936, "training": 2999580, "dev": 31708, "unknown": 170977, "other": 70130}}, "model_type_public": {"counts": {"unknown": 1393920, "genai": 32077913, "cv": 3660094, "rec": 2867756, "embedding": 496787, "dev": 25851}}, "is_genai_request": {"counts": {"False": 9096767, "True": 31425554}}, "schedule_status": {"counts": {"True": 39896941, "None": 392427, "False": 232953}}, "ready_status": {"counts": {"True": 18979472, "False": 21150422, "None": 392427}}}}