{
  "cold_start_latency_s_quantiles": {
    "count": 239405,
    "mean": 5.001591,
    "p0": 0.028603,
    "p10": 0.527652,
    "p100": 96.62542,
    "p25": 0.929174,
    "p50": 2.334343,
    "p75": 4.554075,
    "p90": 9.343794,
    "p95": 29.725929,
    "p99": 42.091458
  },
  "deploy_code_s_quantiles": {
    "count": 239405,
    "mean": 0.59967,
    "p0": 0.0,
    "p10": 0.001,
    "p100": 15.557,
    "p25": 0.002,
    "p50": 0.062,
    "p75": 1.029,
    "p90": 1.83,
    "p95": 2.383,
    "p99": 3.847
  },
  "deploy_dependency_s_quantiles": {
    "count": 239405,
    "mean": 1.95759,
    "p0": 0.0,
    "p10": 0.0,
    "p100": 87.519,
    "p25": 0.0,
    "p50": 0.0,
    "p75": 0.489,
    "p90": 2.792,
    "p95": 20.675,
    "p99": 32.02
  },
  "pod_allocation_s_quantiles": {
    "count": 239405,
    "mean": 0.6224,
    "p0": 0.000153,
    "p10": 0.000477,
    "p100": 56.542813,
    "p25": 0.000532,
    "p50": 0.016689,
    "p75": 0.022249,
    "p90": 1.520129,
    "p95": 4.749341,
    "p99": 8.238613
  },
  "runtime_distribution_trigger_table": {
    "C#": 4,
    "Custom": 57,
    "Go1.x": 21,
    "Java": 450,
    "Node.js": 159,
    "PHP7.3": 38,
    "Python2": 93,
    "Python3": 1493,
    "http": 72,
    "unknown": 31
  },
  "scheduling_s_quantiles": {
    "count": 239405,
    "mean": 1.821931,
    "p0": 0.021718,
    "p10": 0.110047,
    "p100": 30.180513,
    "p25": 0.567584,
    "p50": 0.87703,
    "p75": 1.731977,
    "p90": 4.480336,
    "p95": 8.591138,
    "p99": 13.514943
  },
  "stage_share_of_total_mean": {
    "deploy_code": 0.2338,
    "deploy_dependency": 0.1545,
    "pod_allocation": 0.1008,
    "scheduling": 0.5109
  },
  "trigger_type_distribution": {
    "APIG-A": 9,
    "APIG-A APIG-S": 2,
    "APIG-A OBS-A": 1,
    "APIG-S": 551,
    "APIG-S OBS-A": 1,
    "APIG-S TIMER-A": 312,
    "APIG-S TIMER-A workflow-S": 16,
    "APIG-S workflow-S": 1,
    "CTS-A": 10,
    "DIS-A": 3,
    "DIS-A OBS-A SMN-A TIMER-A": 2,
    "DIS-A SMN-A": 1,
    "DIS-A SMN-A TIMER-A": 1,
    "DIS-A workflow-S": 1,
    "KAFKA-S": 3,
    "LTS-A": 14,
    "OBS-A": 60,
    "OBS-A TIMER-A": 1,
    "SMN-A": 8,
    "SMN-A TIMER-A": 3,
    "TIMER-A": 1018,
    "TIMER-A workflow-S": 2,
    "unknown": 74,
    "unknown-A": 19,
    "unknown-A unknown-S": 60,
    "unknown-S": 123,
    "unknown-unknown": 68,
    "workflow-S": 54
  }
}
