{
  "numeric_distributions": {
    "host_count": {
      "count": 6680,
      "max": 1164.0,
      "mean": 662.2829341317365,
      "median": 867.0,
      "min": 157.0,
      "p50": 867.0,
      "p90": 871.0,
      "p95": 871.0,
      "p99": 1164.0
    },
    "value_mean": {
      "count": 6680,
      "max": 77.79584775086505,
      "mean": 67.79507850448141,
      "median": 72.46482122260669,
      "min": 25.290220820189276,
      "p50": 72.46482122260669,
      "p90": 75.41061130334487,
      "p95": 75.97703788748565,
      "p99": 76.88465974625144
    },
    "value_p50": {
      "count": 6680,
      "max": 100.0,
      "mean": 87.96616766467066,
      "median": 98.0,
      "min": 0.0,
      "p50": 98.0,
      "p90": 98.0,
      "p95": 98.0,
      "p99": 99.0
    },
    "value_p90": {
      "count": 6680,
      "max": 100.0,
      "mean": 99.99760479041916,
      "median": 100.0,
      "min": 99.0,
      "p50": 100.0,
      "p90": 100.0,
      "p95": 100.0,
      "p99": 100.0
    },
    "value_p95": {
      "count": 6680,
      "max": 100.0,
      "mean": 100.0,
      "median": 100.0,
      "min": 100.0,
      "p50": 100.0,
      "p90": 100.0,
      "p95": 100.0,
      "p99": 100.0
    },
    "value_p99": {
      "count": 6680,
      "max": 100.0,
      "mean": 100.0,
      "median": 100.0,
      "min": 100.0,
      "p50": 100.0,
      "p90": 100.0,
      "p95": 100.0,
      "p99": 100.0
    }
  },
  "subgroup_counts": {}
}