{
  "by_strata": {},
  "overall": {
    "mean_e2el_ms": {
      "count": 48,
      "max": 10478.3,
      "mean": 1847.252083333333,
      "min": 236.33,
      "p50": 1030.14,
      "p90": 4168.75,
      "p95": 7278.17,
      "p99": 10478.3
    },
    "mean_tpot_ms": {
      "count": 48,
      "max": 61.63,
      "mean": 6.4281250000000005,
      "min": 1.57,
      "p50": 2.57,
      "p90": 12.5,
      "p95": 27.22,
      "p99": 61.63
    },
    "mean_ttft_ms": {
      "count": 24,
      "max": 8845.03,
      "mean": 1296.9258333333335,
      "min": 10.78,
      "p50": 335.11,
      "p90": 3579.1,
      "p95": 6179.55,
      "p99": 8845.03
    },
    "p95_e2el_ms": {
      "count": 48,
      "max": 13022.36,
      "mean": 2639.9916666666672,
      "min": 377.37,
      "p50": 1875.62,
      "p90": 5631.96,
      "p95": 9351.83,
      "p99": 13022.36
    },
    "p95_tpot_ms": {
      "count": 48,
      "max": 82.46,
      "mean": 9.518749999999999,
      "min": 1.62,
      "p50": 2.75,
      "p90": 29.16,
      "p95": 45.15,
      "p99": 82.46
    },
    "p95_ttft_ms": {
      "count": 24,
      "max": 10744.13,
      "mean": 1713.2158333333334,
      "min": 11.74,
      "p50": 600.63,
      "p90": 4953.94,
      "p95": 7853.88,
      "p99": 10744.13
    },
    "throughput_req_s": {
      "count": 48,
      "max": 15.24,
      "mean": 6.445833333333333,
      "min": 1.01,
      "p50": 5.06,
      "p90": 12.21,
      "p95": 14.05,
      "p99": 15.24
    },
    "throughput_tok_s": {
      "count": 48,
      "max": 2384.86,
      "mean": 1485.810833333333,
      "min": 539.6,
      "p50": 1588.42,
      "p90": 2172.74,
      "p95": 2286.51,
      "p99": 2384.86
    }
  },
  "subgroup_counts": {
    "profile=A|concurrency=16|mode=non_streaming": 1,
    "profile=A|concurrency=16|mode=streaming": 1,
    "profile=A|concurrency=1|mode=non_streaming": 1,
    "profile=A|concurrency=1|mode=streaming": 1,
    "profile=A|concurrency=2|mode=non_streaming": 1,
    "profile=A|concurrency=2|mode=streaming": 1,
    "profile=A|concurrency=32|mode=non_streaming": 1,
    "profile=A|concurrency=32|mode=streaming": 1,
    "profile=A|concurrency=4|mode=non_streaming": 1,
    "profile=A|concurrency=4|mode=streaming": 1,
    "profile=A|concurrency=8|mode=non_streaming": 1,
    "profile=A|concurrency=8|mode=streaming": 1,
    "profile=B|concurrency=16|mode=non_streaming": 1,
    "profile=B|concurrency=16|mode=streaming": 1,
    "profile=B|concurrency=1|mode=non_streaming": 1,
    "profile=B|concurrency=1|mode=streaming": 1,
    "profile=B|concurrency=2|mode=non_streaming": 1,
    "profile=B|concurrency=2|mode=streaming": 1,
    "profile=B|concurrency=32|mode=non_streaming": 1,
    "profile=B|concurrency=32|mode=streaming": 1,
    "profile=B|concurrency=4|mode=non_streaming": 1,
    "profile=B|concurrency=4|mode=streaming": 1,
    "profile=B|concurrency=8|mode=non_streaming": 1,
    "profile=B|concurrency=8|mode=streaming": 1,
    "profile=C|concurrency=16|mode=non_streaming": 1,
    "profile=C|concurrency=16|mode=streaming": 1,
    "profile=C|concurrency=1|mode=non_streaming": 1,
    "profile=C|concurrency=1|mode=streaming": 1,
    "profile=C|concurrency=2|mode=non_streaming": 1,
    "profile=C|concurrency=2|mode=streaming": 1,
    "profile=C|concurrency=32|mode=non_streaming": 1,
    "profile=C|concurrency=32|mode=streaming": 1,
    "profile=C|concurrency=4|mode=non_streaming": 1,
    "profile=C|concurrency=4|mode=streaming": 1,
    "profile=C|concurrency=8|mode=non_streaming": 1,
    "profile=C|concurrency=8|mode=streaming": 1,
    "profile=D|concurrency=16|mode=non_streaming": 1,
    "profile=D|concurrency=16|mode=streaming": 1,
    "profile=D|concurrency=1|mode=non_streaming": 1,
    "profile=D|concurrency=1|mode=streaming": 1,
    "profile=D|concurrency=2|mode=non_streaming": 1,
    "profile=D|concurrency=2|mode=streaming": 1,
    "profile=D|concurrency=32|mode=non_streaming": 1,
    "profile=D|concurrency=32|mode=streaming": 1,
    "profile=D|concurrency=4|mode=non_streaming": 1,
    "profile=D|concurrency=4|mode=streaming": 1,
    "profile=D|concurrency=8|mode=non_streaming": 1,
    "profile=D|concurrency=8|mode=streaming": 1
  }
}