{
  "numeric_distributions": {
    "input_len": {
      "count": 4976,
      "max": 0.0,
      "mean": 0.0,
      "median": 0.0,
      "min": 0.0,
      "p50": 0.0,
      "p90": 0.0,
      "p95": 0.0,
      "p99": 0.0
    },
    "output_tokens": {
      "count": 4976,
      "max": 6322.0,
      "mean": 183.79059485530547,
      "median": 96.0,
      "min": 1.0,
      "p50": 96.0,
      "p90": 370.0,
      "p95": 623.0,
      "p99": 1545.0
    },
    "pre_gap_s": {
      "count": 4976,
      "max": 131.463,
      "mean": 1.6665327974276527,
      "median": 0.7115,
      "min": 0.0,
      "p50": 0.7115,
      "p90": 3.5788,
      "p95": 5.9521,
      "p99": 23.3847
    }
  },
  "subgroup_counts": {}
}