{
  "by_strata": {},
  "overall": {
    "mean_e2el_ms": {
      "count": 64,
      "max": 212559.3,
      "mean": 70271.26562500001,
      "min": 3119.07,
      "p50": 56601.89,
      "p90": 178813.62,
      "p95": 183846.1,
      "p99": 210949.02
    },
    "mean_tpot_ms": {
      "count": 64,
      "max": 1054.62,
      "mean": 171.35031250000003,
      "min": 19.51,
      "p50": 24.01,
      "p90": 474.53,
      "p95": 797.33,
      "p99": 1032.78
    },
    "mean_ttft_ms": {
      "count": 32,
      "max": 200840.14,
      "mean": 63225.68062500001,
      "min": 98.51,
      "p50": 47631.96,
      "p90": 166201.88,
      "p95": 171793.54,
      "p99": 200840.14
    },
    "p95_e2el_ms": {
      "count": 64,
      "max": 297439.93,
      "mean": 107643.13921874999,
      "min": 4982.6,
      "p50": 68532.72,
      "p90": 286596.76,
      "p95": 296009.04,
      "p99": 296981.29
    },
    "p95_tpot_ms": {
      "count": 64,
      "max": 3879.05,
      "mean": 477.0909375,
      "min": 19.82,
      "p50": 28.81,
      "p90": 1473.52,
      "p95": 2729.71,
      "p99": 3793.27
    },
    "p95_ttft_ms": {
      "count": 32,
      "max": 289206.74,
      "mean": 98529.28968749999,
      "min": 158.19,
      "p50": 56748.09,
      "p90": 272854.66,
      "p95": 285689.35,
      "p99": 289206.74
    },
    "throughput_req_s": {
      "count": 64,
      "max": 1.5,
      "mean": 0.8878125,
      "min": 0.32,
      "p50": 1.08,
      "p90": 1.49,
      "p95": 1.49,
      "p99": 1.49
    },
    "throughput_tok_s": {
      "count": 64,
      "max": 244.61,
      "mean": 215.44453124999995,
      "min": 161.97,
      "p50": 228.44,
      "p90": 243.96,
      "p95": 244.2,
      "p99": 244.23
    }
  },
  "subgroup_counts": {
    "profile=A|concurrency=128|mode=non_streaming": 1,
    "profile=A|concurrency=128|mode=streaming": 1,
    "profile=A|concurrency=16|mode=non_streaming": 1,
    "profile=A|concurrency=16|mode=streaming": 1,
    "profile=A|concurrency=192|mode=non_streaming": 1,
    "profile=A|concurrency=192|mode=streaming": 1,
    "profile=A|concurrency=250|mode=non_streaming": 1,
    "profile=A|concurrency=250|mode=streaming": 1,
    "profile=A|concurrency=32|mode=non_streaming": 1,
    "profile=A|concurrency=32|mode=streaming": 1,
    "profile=A|concurrency=4|mode=non_streaming": 1,
    "profile=A|concurrency=4|mode=streaming": 1,
    "profile=A|concurrency=64|mode=non_streaming": 1,
    "profile=A|concurrency=64|mode=streaming": 1,
    "profile=A|concurrency=8|mode=non_streaming": 1,
    "profile=A|concurrency=8|mode=streaming": 1,
    "profile=B|concurrency=128|mode=non_streaming": 1,
    "profile=B|concurrency=128|mode=streaming": 1,
    "profile=B|concurrency=16|mode=non_streaming": 1,
    "profile=B|concurrency=16|mode=streaming": 1,
    "profile=B|concurrency=192|mode=non_streaming": 1,
    "profile=B|concurrency=192|mode=streaming": 1,
    "profile=B|concurrency=250|mode=non_streaming": 1,
    "profile=B|concurrency=250|mode=streaming": 1,
    "profile=B|concurrency=32|mode=non_streaming": 1,
    "profile=B|concurrency=32|mode=streaming": 1,
    "profile=B|concurrency=4|mode=non_streaming": 1,
    "profile=B|concurrency=4|mode=streaming": 1,
    "profile=B|concurrency=64|mode=non_streaming": 1,
    "profile=B|concurrency=64|mode=streaming": 1,
    "profile=B|concurrency=8|mode=non_streaming": 1,
    "profile=B|concurrency=8|mode=streaming": 1,
    "profile=C|concurrency=128|mode=non_streaming": 1,
    "profile=C|concurrency=128|mode=streaming": 1,
    "profile=C|concurrency=16|mode=non_streaming": 1,
    "profile=C|concurrency=16|mode=streaming": 1,
    "profile=C|concurrency=192|mode=non_streaming": 1,
    "profile=C|concurrency=192|mode=streaming": 1,
    "profile=C|concurrency=250|mode=non_streaming": 1,
    "profile=C|concurrency=250|mode=streaming": 1,
    "profile=C|concurrency=32|mode=non_streaming": 1,
    "profile=C|concurrency=32|mode=streaming": 1,
    "profile=C|concurrency=4|mode=non_streaming": 1,
    "profile=C|concurrency=4|mode=streaming": 1,
    "profile=C|concurrency=64|mode=non_streaming": 1,
    "profile=C|concurrency=64|mode=streaming": 1,
    "profile=C|concurrency=8|mode=non_streaming": 1,
    "profile=C|concurrency=8|mode=streaming": 1,
    "profile=D|concurrency=128|mode=non_streaming": 1,
    "profile=D|concurrency=128|mode=streaming": 1,
    "profile=D|concurrency=16|mode=non_streaming": 1,
    "profile=D|concurrency=16|mode=streaming": 1,
    "profile=D|concurrency=192|mode=non_streaming": 1,
    "profile=D|concurrency=192|mode=streaming": 1,
    "profile=D|concurrency=250|mode=non_streaming": 1,
    "profile=D|concurrency=250|mode=streaming": 1,
    "profile=D|concurrency=32|mode=non_streaming": 1,
    "profile=D|concurrency=32|mode=streaming": 1,
    "profile=D|concurrency=4|mode=non_streaming": 1,
    "profile=D|concurrency=4|mode=streaming": 1,
    "profile=D|concurrency=64|mode=non_streaming": 1,
    "profile=D|concurrency=64|mode=streaming": 1,
    "profile=D|concurrency=8|mode=non_streaming": 1,
    "profile=D|concurrency=8|mode=streaming": 1
  }
}