{
  "numeric_distributions": {
    "cpu_count": {
      "count": 79999,
      "max": 9216.0,
      "mean": 63.531794147426844,
      "median": 2.0,
      "min": 2.0,
      "p50": 2.0,
      "p90": 48.0,
      "p95": 128.0,
      "p99": 1024.0
    },
    "duration_s": {
      "count": 79999,
      "max": 1209604.0,
      "mean": 1655.0693258665733,
      "median": 33.0,
      "min": 0.0,
      "p50": 33.0,
      "p90": 628.0,
      "p95": 1611.0,
      "p99": 31837.0
    },
    "gpu_count": {
      "count": 79999,
      "max": 1024.0,
      "mean": 11.327054088176101,
      "median": 1.0,
      "min": 0.0,
      "p50": 1.0,
      "p90": 8.0,
      "p95": 24.0,
      "p99": 256.0
    },
    "gpu_seconds": {
      "count": 46518,
      "max": 455104512.0,
      "mean": 206690.8921277785,
      "median": 318.0,
      "min": 0.0,
      "p50": 318.0,
      "p90": 11008.0,
      "p95": 47376.0,
      "p99": 1306896.0
    },
    "node_count": {
      "count": 79999,
      "max": 139.0,
      "mean": 2.487431092888661,
      "median": 1.0,
      "min": 1.0,
      "p50": 1.0,
      "p90": 1.0,
      "p95": 4.0,
      "p99": 56.0
    },
    "queue_wait_s": {
      "count": 79999,
      "max": 78329.0,
      "mean": 44.617070213377666,
      "median": 1.0,
      "min": 0.0,
      "p50": 1.0,
      "p90": 8.0,
      "p95": 30.0,
      "p99": 528.0
    }
  },
  "subgroup_counts": {
    "state": {
      "CANCELLED": 9545,
      "COMPLETED": 51315,
      "FAILED": 18031,
      "NODE_FAIL": 44,
      "PREEMPTED": 1010,
      "TIMEOUT": 54
    },
    "type": {
      "CPU": 33481,
      "Debug": 2492,
      "Eval": 2965,
      "Other": 13195,
      "Pretrain": 2085,
      "SFT": 25781
    }
  }
}