{
  "market": "pjm",
  "fleet_constant_price": 0.042,
  "price_percentiles": {
    "pjm": {
      "min": 0.017452,
      "max": 2.314582,
      "mean": 0.100183,
      "p05": 0.023952,
      "p10": 0.025865,
      "p25": 0.031351,
      "p50": 0.040908,
      "p75": 0.076362,
      "p90": 0.281249,
      "p95": 0.377126
    },
    "ercot": {
      "min": -0.00013,
      "max": 1.70492,
      "mean": 0.041206,
      "p05": 0.005,
      "p10": 0.00972,
      "p25": 0.01637,
      "p50": 0.02129,
      "p75": 0.03068,
      "p90": 0.0453,
      "p95": 0.09319
    },
    "caiso": {
      "min": -0.01431,
      "max": 0.098355,
      "mean": 0.029482,
      "p05": 0.001326,
      "p10": 0.009027,
      "p25": 0.02482,
      "p50": 0.031742,
      "p75": 0.03642,
      "p90": 0.040916,
      "p95": 0.048405
    }
  },
  "diurnal_profile_market": {
    "0": 0.11665,
    "1": 0.112043,
    "2": 0.106531,
    "3": 0.09538,
    "4": 0.088739,
    "5": 0.089937,
    "6": 0.087544,
    "7": 0.087546,
    "8": 0.088064,
    "9": 0.092124,
    "10": 0.105162,
    "11": 0.144375,
    "12": 0.178254,
    "13": 0.129856,
    "14": 0.091742,
    "15": 0.088412,
    "16": 0.082911,
    "17": 0.075859,
    "18": 0.071687,
    "19": 0.06884,
    "20": 0.072138,
    "21": 0.08605,
    "22": 0.117165,
    "23": 0.127166
  },
  "absent_markets": {
    "eia": "aurelius/ingestion/grid_apis/eia.py exists but is not wired into the environment/cost model",
    "entsoe": "ENTSO-E adapter present but not wired into Aurelius",
    "realtime_5min": "only hourly day-ahead (DAM) is committed; sub-hourly real-time not available offline"
  },
  "probe_base_sla": 0.0,
  "sla_levels": {
    "decode": [
      40.0,
      15.0
    ],
    "prefill": [
      40.0,
      4.0
    ]
  },
  "scenarios": {
    "expensive_slack_decode": {
      "price_per_kwh": 0.281249,
      "sla_s": 40.0,
      "workload": "decode",
      "decode_regime": "memory_bandwidth_bound",
      "decode_arith_intensity": 7.836,
      "sweep": {
        "base": {
          "gp_per_dollar": 338217.2,
          "sla_violation_rate": 0.0,
          "energy_j": 0.0,
          "operator_cost": 0.090829,
          "power_w": 0.0,
          "decode_regime": "unknown",
          "decode_arith_intensity": 0.0,
          "clock_mix": {
            "base": 1
          }
        },
        "low": {
          "gp_per_dollar": 349183.7,
          "sla_violation_rate": 0.0,
          "energy_j": 180608.0,
          "operator_cost": 0.087977,
          "power_w": 564.4,
          "decode_regime": "memory_bandwidth_bound",
          "decode_arith_intensity": 7.836,
          "clock_mix": {
            "low": 1
          }
        },
        "high": {
          "gp_per_dollar": 325593.6,
          "sla_violation_rate": 0.0,
          "energy_j": 277568.0,
          "operator_cost": 0.094351,
          "power_w": 867.4,
          "decode_regime": "memory_bandwidth_bound",
          "decode_arith_intensity": 7.836,
          "clock_mix": {
            "high": 1
          }
        }
      },
      "pareto_safe_optimal_clock": "low",
      "downclock_pareto_safe": true,
      "downclock_cost_delta": -0.002852,
      "downclock_energy_delta_j": 180608.0,
      "downclock_sla_delta": 0.0,
      "downclock_gp_delta": 10966.5
    },
    "expensive_tight_decode": {
      "price_per_kwh": 0.281249,
      "sla_s": 15.0,
      "workload": "decode",
      "decode_regime": "memory_bandwidth_bound",
      "decode_arith_intensity": 7.836,
      "sweep": {
        "base": {
          "gp_per_dollar": 243760.2,
          "sla_violation_rate": 0.16667,
          "energy_j": 0.0,
          "operator_cost": 0.105021,
          "power_w": 0.0,
          "decode_regime": "unknown",
          "decode_arith_intensity": 0.0,
          "clock_mix": {
            "base": 1
          }
        },
        "low": {
          "gp_per_dollar": 251663.9,
          "sla_violation_rate": 0.16667,
          "energy_j": 208828.0,
          "operator_cost": 0.101723,
          "power_w": 564.4,
          "decode_regime": "memory_bandwidth_bound",
          "decode_arith_intensity": 7.836,
          "clock_mix": {
            "low": 1
          }
        },
        "high": {
          "gp_per_dollar": 234662.1,
          "sla_violation_rate": 0.16667,
          "energy_j": 320938.0,
          "operator_cost": 0.109093,
          "power_w": 867.4,
          "decode_regime": "memory_bandwidth_bound",
          "decode_arith_intensity": 7.836,
          "clock_mix": {
            "high": 1
          }
        }
      },
      "pareto_safe_optimal_clock": "low",
      "downclock_pareto_safe": true,
      "downclock_cost_delta": -0.003298,
      "downclock_energy_delta_j": 208828.0,
      "downclock_sla_delta": 0.0,
      "downclock_gp_delta": 7903.7
    },
    "cheap_slack_decode": {
      "price_per_kwh": 0.025865,
      "sla_s": 40.0,
      "workload": "decode",
      "decode_regime": "memory_bandwidth_bound",
      "decode_arith_intensity": 7.836,
      "sweep": {
        "base": {
          "gp_per_dollar": 396603.3,
          "sla_violation_rate": 0.0,
          "energy_j": 0.0,
          "operator_cost": 0.077458,
          "power_w": 0.0,
          "decode_regime": "unknown",
          "decode_arith_intensity": 0.0,
          "clock_mix": {
            "base": 1
          }
        },
        "low": {
          "gp_per_dollar": 397951.1,
          "sla_violation_rate": 0.0,
          "energy_j": 180608.0,
          "operator_cost": 0.077195,
          "power_w": 564.4,
          "decode_regime": "memory_bandwidth_bound",
          "decode_arith_intensity": 7.836,
          "clock_mix": {
            "low": 1
          }
        },
        "high": {
          "gp_per_dollar": 394952.0,
          "sla_violation_rate": 0.0,
          "energy_j": 277568.0,
          "operator_cost": 0.077782,
          "power_w": 867.4,
          "decode_regime": "memory_bandwidth_bound",
          "decode_arith_intensity": 7.836,
          "clock_mix": {
            "high": 1
          }
        }
      },
      "pareto_safe_optimal_clock": "low",
      "downclock_pareto_safe": true,
      "downclock_cost_delta": -0.000263,
      "downclock_energy_delta_j": 180608.0,
      "downclock_sla_delta": 0.0,
      "downclock_gp_delta": 1347.8
    },
    "cheap_tight_decode": {
      "price_per_kwh": 0.025865,
      "sla_s": 15.0,
      "workload": "decode",
      "decode_regime": "memory_bandwidth_bound",
      "decode_arith_intensity": 7.836,
      "sweep": {
        "base": {
          "gp_per_dollar": 285840.2,
          "sla_violation_rate": 0.16667,
          "energy_j": 0.0,
          "operator_cost": 0.089561,
          "power_w": 0.0,
          "decode_regime": "unknown",
          "decode_arith_intensity": 0.0,
          "clock_mix": {
            "base": 1
          }
        },
        "low": {
          "gp_per_dollar": 286811.6,
          "sla_violation_rate": 0.16667,
          "energy_j": 208828.0,
          "operator_cost": 0.089257,
          "power_w": 564.4,
          "decode_regime": "memory_bandwidth_bound",
          "decode_arith_intensity": 7.836,
          "clock_mix": {
            "low": 1
          }
        },
        "high": {
          "gp_per_dollar": 284650.1,
          "sla_violation_rate": 0.16667,
          "energy_j": 320938.0,
          "operator_cost": 0.089935,
          "power_w": 867.4,
          "decode_regime": "memory_bandwidth_bound",
          "decode_arith_intensity": 7.836,
          "clock_mix": {
            "high": 1
          }
        }
      },
      "pareto_safe_optimal_clock": "low",
      "downclock_pareto_safe": true,
      "downclock_cost_delta": -0.000304,
      "downclock_energy_delta_j": 208828.0,
      "downclock_sla_delta": 0.0,
      "downclock_gp_delta": 971.4
    },
    "expensive_slack_prefill": {
      "price_per_kwh": 0.281249,
      "sla_s": 40.0,
      "workload": "prefill",
      "decode_regime": "memory_bandwidth_bound",