{
  "numeric_distributions": {
    "args_count": {
      "count": 2262,
      "max": 4,
      "mean": 0.2480106100795756,
      "min": 0,
      "p50": 0,
      "p90": 1,
      "p95": 1,
      "p99": 4
    },
    "artifacts_bytes": {
      "count": 2262,
      "max": 11374,
      "mean": 1591.4641909814325,
      "min": 0,
      "p50": 0,
      "p90": 4147,
      "p95": 10240,
      "p99": 11072
    },
    "duration_ms": {
      "overall": {
        "count": 2256,
        "max": 900586.0521879513,
        "mean": 5267.718763112983,
        "min": 1.816206960938871,
        "p50": 60.246117995120585,
        "p90": 6617.595752992202,
        "p95": 19731.780214002356,
        "p99": 124971.68382606469
      },
      "per_status": {
        "cancelled": {
          "count": 0
        },
        "error": {
          "count": 124,
          "max": 900586.0521879513,
          "mean": 25399.14728386811,
          "min": 8.279407978989184,
          "p50": 421.6983231017366,
          "p90": 25375.210241996683,
          "p95": 82284.04924203642,
          "p99": 518160.0061809877
        },
        "ok": {
          "count": 2132,
          "max": 396090.80099500716,
          "mean": 4096.847685920845,
          "min": 1.816206960938871,
          "p50": 58.59179503750056,
          "p90": 5753.402558970265,
          "p95": 19101.779914926738,
          "p99": 120934.91215410177
        }
      },
      "per_tool": {
        "alignment_manifest": {
          "count": 252,
          "max": 707.4279169974034,
          "mean": 43.618926199159766,
          "min": 13.838034006766975,
          "p50": 24.549192981794477,
          "p90": 54.59430406335741,
          "p95": 64.60206303745508,
          "p99": 375.5095360102132
        },
        "backend_status": {
          "count": 64,
          "max": 3342.8592580603436,
          "mean": 852.2679845206085,
          "min": 19.098324002698064,
          "p50": 637.6208330038935,
          "p90": 1991.0417509963736,
          "p95": 2457.7517398865893,
          "p99": 3072.3295010393485
        },
        "bind_time_series_source": {
          "count": 87,
          "max": 20094.027094892226,
          "mean": 336.3231204761408,
          "min": 16.192858922295272,
          "p50": 51.34031502529979,
          "p90": 375.5705099320039,
          "p95": 535.1204589969711,
          "p99": 741.8966670011287
        },
        "chatgpt_agent_protocol": {
          "count": 63,
          "max": 1299.6876020915806,
          "mean": 173.198493845467,
          "min": 27.30952191632241,
          "p50": 55.61612197197974,
          "p90": 525.3291670014733,
          "p95": 705.7382910279557,
          "p99": 997.8398740058765
        },
        "forecast_observables": {
          "count": 154,
          "max": 402947.3658479983,
          "mean": 26798.909489507165,
          "min": 8.279407978989184,
          "p50": 4175.370185053907,
          "p90": 125759.95977199636,
          "p95": 129205.70303907152,
          "p99": 149100.3945559496
        },
        "foundry_agent_instructions": {
          "count": 74,
          "max": 754.1352080006618,
          "mean": 106.55740515820169,
          "min": 15.462817042134702,
          "p50": 46.46957910154015,
          "p90": 362.12487499869894,
          "p95": 498.19191699498333,
          "p99": 676.9696660048794
        },
        "granite_timeseries_forecast": {
          "count": 58,
          "max": 8014.9321630597115,
          "mean": 4694.743640001904,
          "min": 14.212099020369351,
          "p50": 5147.658348025288,
          "p90": 6547.026489046402,
          "p95": 7013.801714987494,
          "p99": 7452.101873001084
        },
        "granite_timeseries_status": {
          "count": 181,
          "max": 5720.475470065139,
          "mean": 4546.827761551079,
          "min": 341.33058300358243,
          "p50": 4651.399185997434,
          "p90": 4746.745783020742,
          "p95": 4818.803803995252,
          "p99": 5159.447479061782
        },
        "host_diagnostics": {
          "count": 48,
          "max": 54867.04556993209,
          "mean": 6707.165849476951,
          "min": 422.49666700081434,
          "p50": 4818.215397070162,
          "p90": 7798.955330974422,
          "p95": 13141.536897979677,
          "p99": 54867.04556993209
        },
        "ising_state_decode": {
          "count": 3,
          "max": 25949.63591400301,
          "mean": 16735.46817433089,
          "min": 54.38227200647816,
          "p50": 24202.38633698318,
          "p90": 25949.63591400301,
          "p95": 25949.63591400301,
          "p99": 25949.63591400301
        },
        "ising_state_status": {
          "count": 2,
          "max": 14.290778955910355,
          "mean": 14.228063984774053,
          "min": 14.165349013637751,
          "p50": 14.165349013637751,
          "p90": 14.290778955910355,
          "p95": 14.290778955910355,
          "p99": 14.290778955910355
        },
        "optimize_schedule": {
          "count": 9,
          "max": 755.0718329948722,
          "mean": 494.7637292215303,
          "min": 21.43031300511211,
          "p50": 539.2898329955642,
          "p90": 655.3394169968669,
          "p95": 755.0718329948722,
          "p99": 755.0718329948722
        },
        "record_operational_evidence": {
          "count": 102,
          "max": 678.9696669948171,
          "mean": 49.21628315716197,
          "min": 14.132512966170907,
          "p50": 20.110746030695736,
          "p90": 48.69254003278911,
          "p95": 255.14657504390925,
          "p99": 545.4487499955576
        },
        "reference_signal_fusion": {
          "count": 89,
          "max": 423.7310200696811,
          "mean": 110.99079296678264,
          "min": 67.48082500416785,
          "p50": 91.19113103952259,
          "p90": 175.8466319879517,
          "p95": 210.77150595374405,
          "p99": 317.15855502989143
        },
        "scenario_briefing": {
          "count": 6,
          "max": 77334.05991899781,
          "mean": 25582.732482328236,
          "min": 20.79186902847141,
          "p50": 37.05038595944643,
          "p90": 76037.89860196412,
          "p95": 77334.05991899781,
          "p99": 77334.05991899781
        },
        "state_decode": {
          "count": 22,
          "max": 32230.72597500868,
          "mean": 17368.754041356045,
          "min": 90.79640393611044,
          "p50": 13325.74217801448,
          "p90": 31688.590085948817,
          "p95": 31717.805239954032,
          "p99": 32230.72597500868
        },
        "state_decoder_status": {
          "count": 40,
          "max": 1273.84708810132,
          "mean": 770.0320965970604,
          "min": 11.820612009614706,
          "p50": 805.4887589532882,
          "p90": 1101.846512989141,
          "p95": 1120.7415179815143,
          "p99": 1273.84708810132
        },
        "surface_affinity": {
          "count": 632,
          "max": 957.7319169984548,
          "mean": 51.8258578675366,
          "min": 1.816206960938871,
          "p50": 42.96964895911515,
          "p90": 61.70098204165697,
          "p95": 68.77536803949624,
          "p99": 485.9082910043071
        },
        "train_model": {
          "count": 2,
          "max": 442.57848197594285,
          "mean": 254.32512996485457,
          "min": 66.07177795376629,
          "p50": 66.07177795376629,
          "p90": 442.57848197594285,
          "p95": 442.57848197594285,
          "p99": 442.57848197594285
        },
        "training_stage_plan": {
          "count": 39,
          "max": 616.0930840051151,
          "mean": 72.43459706399172,
          "min": 11.356799979694188,
          "p50": 22.015570080839097,
          "p90": 44.555954984389246,
          "p95": 470.51683299650904,
          "p99": 616.0930840051151
        },
        "validation_protocols": {
          "count": 8,
          "max": 751.5678339987062,