{
  "numeric_distributions": {
    "block_hashes_count": {
      "count": 761,
      "max": 6219.0,
      "mean": 2579.1747700394217,
      "median": 2628.0,
      "min": 428.0,
      "p50": 2628.0,
      "p90": 4604.0,
      "p95": 5292.0,
      "p99": 6011.0
    },
    "input_tokens": {
      "count": 761,
      "max": 398002.0,
      "mean": 165035.93561103812,
      "median": 168165.0,
      "min": 27389.0,
      "p50": 168165.0,
      "p90": 294626.0,
      "p95": 338662.0,
      "p99": 384695.0
    },
    "output_tokens": {
      "count": 761,
      "max": 11983.0,
      "mean": 787.1116951379763,
      "median": 345.0,
      "min": 2.0,
      "p50": 345.0,
      "p90": 1902.0,
      "p95": 2983.0,
      "p99": 7314.0
    },
    "request_arrival_delta_s": {
      "count": 761,
      "max": 679792.966,
      "mean": 222982.8681340341,
      "median": 3620.602,
      "min": 0.0,
      "p50": 3620.602,
      "p90": 635535.335,
      "p95": 636000.93,
      "p99": 672288.023
    },
    "requests_count": {
      "count": 761,
      "max": 306.0,
      "mean": 200.1826544021025,
      "median": 205.0,
      "min": 24.0,
      "p50": 205.0,
      "p90": 306.0,
      "p95": 306.0,
      "p99": 306.0
    },
    "turn_index": {
      "count": 761,
      "max": 305.0,
      "mean": 99.59132720105124,
      "median": 77.0,
      "min": 0.0,
      "p50": 77.0,
      "p90": 229.0,
      "p95": 267.0,
      "p99": 297.0
    }
  },
  "subgroup_counts": {
    "model": {
      "claude-opus-4-6": 120,
      "claude-opus-4-7": 638,
      "claude-sonnet-4-6": 3
    }
  }
}