{
  "by_strata": {},
  "overall": {
    "decode_energy_gpu_kwh": {
      "count": 12,
      "max": 0.0001050914067921185,
      "mean": 4.4254690089415164e-05,
      "min": 8.175363709557859e-06,
      "p50": 2.215989168110639e-05,
      "p90": 0.00010362041670852743,
      "p95": 0.00010362041670852743,
      "p99": 0.0001050914067921185
    },
    "decode_energy_total_kwh": {
      "count": 12,
      "max": 0.0001493394196009873,
      "mean": 6.934930737264457e-05,
      "min": 1.5606234061496458e-05,
      "p50": 3.989445808452318e-05,
      "p90": 0.00014834059035829858,
      "p95": 0.00014834059035829858,
      "p99": 0.0001493394196009873
    },
    "decode_max_allocated_mb": {
      "count": 12,
      "max": 16136.441856,
      "mean": 5180.307328,
      "min": 303.029248,
      "p50": 1307.167232,
      "p90": 16133.165056,
      "p95": 16133.165056,
      "p99": 16136.441856
    },
    "decode_max_vram_mb": {
      "count": 12,
      "max": 16942.36672,
      "mean": 5935.114922666668,
      "min": 997.720064,
      "p50": 2012.741632,
      "p90": 16942.36672,
      "p95": 16942.36672,
      "p99": 16942.36672
    },
    "decode_throughput_tok_s": {
      "count": 12,
      "max": 154.76524178433021,
      "mean": 81.64430201011623,
      "min": 23.27258433775312,
      "p50": 112.4174669475709,
      "p90": 137.75797539559332,
      "p95": 137.75797539559332,
      "p99": 154.76524178433021
    },
    "mean_tpot_ms": {
      "count": 12,
      "max": 2707.0478759765624,
      "mean": 1369.7632377738657,
      "min": 407.0681457519531,
      "p50": 964.8229148171165,
      "p90": 2610.2248046875,
      "p95": 2610.2248046875,
      "p99": 2707.0478759765624
    },
    "mean_ttft_ms": {
      "count": 12,
      "max": 86.33216247558592,
      "mean": 34.275826644656995,
      "min": 7.554416637420655,
      "p50": 16.971534729003906,
      "p90": 85.82040023803712,
      "p95": 85.82040023803712,
      "p99": 86.33216247558592
    },
    "p50_tpot_ms": {
      "count": 12,
      "max": 2702.488525390625,
      "mean": 1370.243200937907,
      "min": 410.4589538574219,
      "p50": 964.0355834960938,
      "p90": 2609.513916015625,
      "p95": 2609.513916015625,
      "p99": 2702.488525390625
    },
    "p50_ttft_ms": {
      "count": 12,
      "max": 86.30433654785156,
      "mean": 34.274536311626434,
      "min": 7.601920127868652,
      "p50": 16.914016723632812,
      "p90": 85.84872055053711,
      "p95": 85.84872055053711,
      "p99": 86.30433654785156
    },
    "p90_tpot_ms": {
      "count": 12,
      "max": 2721.57958984375,
      "mean": 1377.6281499226886,
      "min": 414.6983703613281,
      "p50": 971.662841796875,
      "p90": 2639.0360839843747,
      "p95": 2639.0360839843747,
      "p99": 2721.57958984375
    },
    "p90_ttft_ms": {
      "count": 12,
      "max": 86.53237457275391,
      "mean": 34.524163162708284,
      "min": 7.7007872581481935,
      "p50": 17.004575729370117,
      "p90": 85.97225952148436,
      "p95": 85.97225952148436,
      "p99": 86.53237457275391
    },
    "p95_tpot_ms": {
      "count": 12,
      "max": 2725.07763671875,
      "mean": 1378.5454279581706,
      "min": 415.18120727539065,
      "p50": 971.8042907714844,
      "p90": 2640.8145507812496,
      "p95": 2640.8145507812496,
      "p99": 2725.07763671875
    },
    "p95_ttft_ms": {
      "count": 12,
      "max": 86.60101852416992,
      "mean": 34.59145156343778,
      "min": 7.735808086395264,
      "p50": 17.28172779083252,
      "p90": 86.06904220581055,
      "p95": 86.06904220581055,
      "p99": 86.60101852416992
    },
    "p99_tpot_ms": {
      "count": 12,
      "max": 2727.87607421875,
      "mean": 1379.5547884368898,
      "min": 418.04679321289063,
      "p50": 971.9174499511719,
      "p90": 2642.23732421875,
      "p95": 2642.23732421875,
      "p99": 2727.87607421875
    },
    "p99_ttft_ms": {
      "count": 12,
      "max": 86.65593368530274,
      "mean": 34.72451608538628,
      "min": 7.904819674491881,
      "p50": 17.50344944000244,
      "p90": 86.14646835327149,
      "p95": 86.14646835327149,
      "p99": 86.65593368530274
    },
    "prefill_energy_gpu_kwh": {
      "count": 12,
      "max": 4.799086693672416e-06,
      "mean": 1.603931934146354e-06,
      "min": 1.7956519660211835e-07,
      "p50": 5.718689285299153e-07,
      "p90": 4.686283426136763e-06,
      "p95": 4.686283426136763e-06,
      "p99": 4.799086693672416e-06
    },
    "prefill_energy_total_kwh": {
      "count": 12,
      "max": 6.381824511803181e-06,
      "mean": 2.231908486561533e-06,
      "min": 3.1795067449269643e-07,
      "p50": 8.846175825009113e-07,
      "p90": 6.259112847430081e-06,
      "p95": 6.259112847430081e-06,
      "p99": 6.381824511803181e-06
    },
    "prefill_max_allocated_mb": {
      "count": 12,
      "max": 16136.441856,
      "mean": 5180.307328,
      "min": 303.029248,
      "p50": 1307.167232,
      "p90": 16133.165056,
      "p95": 16133.165056,
      "p99": 16136.441856
    },
    "prefill_max_vram_mb": {
      "count": 12,
      "max": 16942.36672,
      "mean": 5935.114922666668,
      "min": 997.720064,
      "p50": 2012.741632,
      "p90": 16942.36672,
      "p95": 16942.36672,
      "p99": 16942.36672
    },
    "prefill_throughput_tok_s": {
      "count": 12,
      "max": 132.37289495611344,
      "mean": 70.13689880120741,
      "min": 11.58316867462682,
      "p50": 103.19544473110867,
      "p90": 131.63694312748407,
      "p95": 131.63694312748407,
      "p99": 132.37289495611344
    }
  },
  "subgroup_counts": {
    "model_family=Bloom|dtype=bfloat16|quantization_scheme=torchao": 3,
    "model_family=Gemma|dtype=bfloat16|quantization_scheme=torchao": 3,
    "model_family=Llama|dtype=bfloat16|quantization_scheme=torchao": 3,
    "model_family=OPT|dtype=bfloat16|quantization_scheme=torchao": 3,
    "model_family=gpt2|dtype=bfloat16|quantization_scheme=torchao": 3
  }
}