{
  "by_strata": {
    "model_family=GPT-Neo|dtype=float16|quantization_scheme=gptq": {
      "decode_energy_total_kwh": {
        "count": 16,
        "max": 0.004485835534584623,
        "mean": 0.0014116575497381714,
        "min": 0.0001453571112901924,
        "p50": 0.0006367283060911664,
        "p90": 0.004473039395633757,
        "p95": 0.004473039395633757,
        "p99": 0.004485835534584623
      },
      "decode_max_vram_mb": {
        "count": 16,
        "max": 15386.804224,
        "mean": 5870.1824,
        "min": 1736.441856,
        "p50": 3649.04448,
        "p90": 15386.804224,
        "p95": 15386.804224,
        "p99": 15386.804224
      },
      "decode_throughput_tok_s": {
        "count": 16,
        "max": 52.0705440773358,
        "mean": 22.908779877377246,
        "min": 2.2498836921872014,
        "p50": 23.973210739672883,
        "p90": 51.47455496082363,
        "p95": 51.47455496082363,
        "p99": 52.0705440773358
      },
      "mean_tpot_ms": {
        "count": 16,
        "max": 28001.4474609375,
        "mean": 8951.463535308838,
        "min": 1209.8970947265623,
        "p50": 3967.1146728515623,
        "p90": 27959.675000000003,
        "p95": 27959.675000000003,
        "p99": 28001.4474609375
      },
      "mean_ttft_ms": {
        "count": 16,
        "max": 479.1669158935547,
        "mean": 153.15328134298323,
        "min": 19.8529088973999,
        "p50": 70.47754592895508,
        "p90": 477.77827453613287,
        "p95": 477.77827453613287,
        "p99": 479.1669158935547
      },
      "p95_tpot_ms": {
        "count": 16,
        "max": 28015.752050781248,
        "mean": 8982.132323455811,
        "min": 1223.1632751464845,
        "p50": 3984.136853027344,
        "p90": 27975.17841796875,
        "p95": 27975.17841796875,
        "p99": 28015.752050781248
      },
      "p95_ttft_ms": {
        "count": 16,
        "max": 481.85505828857424,
        "mean": 154.5703205525875,
        "min": 20.76670274734497,
        "p50": 70.69076843261719,
        "p90": 478.6462219238281,
        "p95": 478.6462219238281,
        "p99": 481.85505828857424
      },
      "prefill_energy_total_kwh": {
        "count": 16,
        "max": 7.786732412190818e-05,
        "mean": 2.4500690869847888e-05,
        "min": 2.4224895436442863e-06,
        "p50": 1.142123932947457e-05,
        "p90": 7.713022023584607e-05,
        "p95": 7.713022023584607e-05,
        "p99": 7.786732412190818e-05
      },
      "prefill_max_vram_mb": {
        "count": 16,
        "max": 15386.804224,
        "mean": 5869.920255999999,
        "min": 1736.441856,
        "p50": 3649.04448,
        "p90": 15386.804224,
        "p95": 15386.804224,
        "p99": 15386.804224
      },
      "prefill_throughput_tok_s": {
        "count": 16,
        "max": 12894.835780641086,
        "mean": 5520.92609381074,
        "min": 534.2605916825642,
        "p50": 5406.089634902325,
        "p90": 12479.317519471348,
        "p95": 12479.317519471348,
        "p99": 12894.835780641086
      }
    },
    "model_family=Pythia|dtype=float16|quantization_scheme=gptq": {
      "decode_energy_total_kwh": {
        "count": 32,
        "max": 0.00258924838014138,
        "mean": 0.0007401739052831031,
        "min": 6.310017070435849e-05,
        "p50": 0.0003850503592213439,
        "p90": 0.0025304101973390295,
        "p95": 0.0025312634117558887,
        "p99": 0.00258924838014138
      },
      "decode_max_vram_mb": {
        "count": 32,
        "max": 10064.232448,
        "mean": 4057.595903999999,
        "min": 1663.041536,
        "p50": 2986.344448,
        "p90": 10064.232448,
        "p95": 10064.232448,
        "p99": 10064.232448
      },
      "decode_throughput_tok_s": {
        "count": 32,
        "max": 116.29752165426434,
        "mean": 34.25493505534364,
        "min": 3.8873826124881514,
        "p50": 29.117297298090207,
        "p90": 104.62776856714412,
        "p95": 107.0040633856996,
        "p99": 116.29752165426434
      },
      "mean_tpot_ms": {
        "count": 32,
        "max": 16206.2771484375,
        "mean": 4768.414180341078,
        "min": 541.7140374434622,
        "p50": 2549.7691894531254,
        "p90": 15803.178222656252,
        "p95": 15830.04873046875,
        "p99": 16206.2771484375
      },
      "mean_ttft_ms": {
        "count": 32,
        "max": 278.2241882324219,
        "mean": 81.81656813743315,
        "min": 9.016587709125721,
        "p50": 44.49831352233887,
        "p90": 268.22376098632816,
        "p95": 269.19732360839845,
        "p99": 278.2241882324219
      },
      "p95_tpot_ms": {
        "count": 32,
        "max": 16214.103808593753,
        "mean": 4795.610307884217,
        "min": 548.0305847167969,
        "p50": 2575.20009765625,
        "p90": 15807.888623046874,
        "p95": 15838.135400390625,
        "p99": 16214.103808593753
      },
      "p95_ttft_ms": {
        "count": 32,
        "max": 283.4811737060546,
        "mean": 83.94124290943147,
        "min": 9.256511592864989,
        "p50": 45.34374809265136,
        "p90": 269.4181854248047,
        "p95": 271.5380187988281,
        "p99": 283.4811737060546
      },
      "prefill_energy_total_kwh": {
        "count": 32,
        "max": 4.491287980776782e-05,
        "mean": 1.2788833216130872e-05,
        "min": 1.0872073151984705e-06,
        "p50": 6.88333198395289e-06,
        "p90": 4.315826611221939e-05,
        "p95": 4.333814145136024e-05,
        "p99": 4.491287980776782e-05
      },
      "prefill_max_vram_mb": {
        "count": 32,
        "max": 10064.232448,
        "mean": 4057.4648319999988,
        "min": 1663.041536,
        "p50": 2986.344448,
        "p90": 10064.232448,
        "p95": 10064.232448,
        "p99": 10064.232448
      },
      "prefill_throughput_tok_s": {
        "count": 32,
        "max": 28392.115538442715,
        "mean": 8243.683098743883,
        "min": 920.1212936459128,
        "p50": 6514.33269670856,
        "p90": 25533.816566423528,
        "p95": 25620.16335845117,
        "p99": 28392.115538442715
      }
    },
    "model_family=Qwen|dtype=float16|quantization_scheme=gptq": {
      "decode_energy_total_kwh": {
        "count": 47,
        "max": 0.02392685474960477,
        "mean": 0.006208369354421592,
        "min": 0.0003436326711018599,
        "p50": 0.0016498312054312636,
        "p90": 0.01587293862382265,
        "p95": 0.023660385291256667,
        "p99": 0.02392685474960477
      },
      "decode_max_vram_mb": {
        "count": 47,
        "max": 85886.763008,
        "mean": 21035.144300936172,
        "min": 2499.805184,
        "p50": 8935.964672,
        "p90": 47194.308608,
        "p95": 67098.312704,
        "p99": 85886.763008
      },
      "decode_throughput_tok_s": {
        "count": 47,
        "max": 21.692785989403195,
        "mean": 8.341744926076633,
        "min": 0.39769546917250054,
        "p50": 6.10354292728689,
        "p90": 21.164000855358683,
        "p95": 21.35313087732829,
        "p99": 21.692785989403195
      },
      "mean_tpot_ms": {
        "count": 47,
        "max": 158412.66718750002,
        "mean": 39183.52965789146,
        "min": 2904.191284179688,
        "p50": 10321.873828124999,
        "p90": 98428.96953125001,
        "p95": 148421.7765625,
        "p99": 158412.66718750002
      },
      "mean_ttft_ms": {
        "count": 47,
        "max": 2654.1540039062497,
        "mean": 664.0674282560958,
        "min": 46.04415016174317,
        "p50": 178.44390869140625,
        "p90": 1662.9118408203128,
        "p95": 2512.100512695313,
        "p99": 2654.1540039062497
      },
      "p95_tpot_ms": {
        "count": 47,
        "max": 189132.95546875,
        "mean": 39995.7799173558,
        "min": 2964.612890625,
        "p50": 10340.5828125,
        "p90": 99067.028125,
        "p95": 149456.8359375,
        "p99": 189132.95546875
      },
      "p95_ttft_ms": {
        "count": 47,