{
  "numeric_distributions": {
    "input_tokens": {
      "count": 59999,
      "max": 6142.0,
      "mean": 374.0598509975166,
      "median": 74.0,
      "min": 0.0,
      "p50": 74.0,
      "p90": 1291.0,
      "p95": 1697.0,
      "p99": 3023.0
    },
    "output_tokens": {
      "count": 59999,
      "max": 7315.0,
      "mean": 122.31663861064351,
      "median": 14.0,
      "min": 0.0,
      "p50": 14.0,
      "p90": 401.0,
      "p95": 510.0,
      "p99": 757.0
    },
    "total_tokens": {
      "count": 59999,
      "max": 8193.0,
      "mean": 496.3764896081601,
      "median": 99.0,
      "min": 0.0,
      "p50": 99.0,
      "p90": 1634.0,
      "p95": 2099.0,
      "p99": 3169.0
    }
  },
  "subgroup_counts": {
    "Log Type": {
      "API log": 32262,
      "Conversation log": 27737
    },
    "Model": {
      "ChatGPT": 50494,
      "GPT-4": 9505
    }
  }
}