{
  "trace": "burstgpt_hf_ml_abs_conformal",
  "total_requests": 5880,
  "servers": 4,
  "target_rho": 0.85,
  "sla_s": 30.0,
  "warmup_n": 1000,
  "n_model_ids": 2,
  "target_p90_abs_tokens": 500.0,
  "global_prior_cv_pct": 15.34,
  "global_prior_mae_tokens": 166.93,
  "ml_prior_cv_pct": 43.03,
  "ml_prior_mae_tokens": 162.82,
  "global_rel_mean_alpha": 0.00199,
  "global_abs_mean_alpha": 0.000562,
  "ml_rel_mean_alpha": 0.001994,
  "ml_abs_mean_alpha": 0.000595,
  "fifo": {
    "requests": 5880,
    "servers": 4,
    "sim_horizon_s": 1142.3171,
    "mean_response_s": 510.0238,
    "p50_response_s": 481.1033,
    "p90_response_s": 1006.8196,
    "p99_response_s": 1125.8766,
    "mean_wait_s": 504.696,
    "p90_wait_s": 1000.0292,
    "p99_wait_s": 1121.1941,
    "short_p90_response_s": 1015.7204,
    "short_p99_response_s": 1126.8888,
    "long_p90_response_s": 1004.224,
    "long_p99_response_s": 1125.1223,
    "max_response_s": 1142.3171,
    "preemption_count": 0,
    "sla_safe_goodput_per_dollar": 6528.7582
  },
  "conformal_oracle": {
    "requests": 5880,
    "servers": 4,
    "sim_horizon_s": 4026.0154,
    "mean_response_s": 196.8425,
    "p50_response_s": 5.2022,
    "p90_response_s": 609.2456,
    "p99_response_s": 2759.8045,
    "mean_wait_s": 191.5148,
    "p90_wait_s": 600.6556,
    "p99_wait_s": 2745.6345,
    "short_p90_response_s": 4.39,
    "short_p99_response_s": 7.2327,
    "long_p90_response_s": 1619.4637,
    "long_p99_response_s": 3201.1566,
    "max_response_s": 4026.0154,
    "preemption_count": 3088,
    "sla_safe_goodput_per_dollar": 48598.8152
  },
  "global_rel": {
    "requests": 5880,
    "servers": 4,
    "sim_horizon_s": 3949.3942,
    "mean_response_s": 225.4302,
    "p50_response_s": 5.33,
    "p90_response_s": 837.1031,
    "p99_response_s": 1991.7163,
    "mean_wait_s": 220.1025,
    "p90_wait_s": 826.2143,
    "p99_wait_s": 1974.5435,
    "short_p90_response_s": 840.399,
    "short_p99_response_s": 1985.6126,
    "long_p90_response_s": 836.9524,
    "long_p99_response_s": 2160.9396,
    "max_response_s": 3949.3942,
    "preemption_count": 3329,
    "conformal_mean_alpha": 0.002,
    "sla_safe_goodput_per_dollar": 34003.5994
  },
  "global_abs": {
    "requests": 5880,
    "servers": 4,
    "sim_horizon_s": 3946.5181,
    "mean_response_s": 206.3791,
    "p50_response_s": 5.25,
    "p90_response_s": 871.4757,
    "p99_response_s": 2319.2342,
    "mean_wait_s": 201.0513,
    "p90_wait_s": 862.4857,
    "p99_wait_s": 2303.7042,
    "short_p90_response_s": 873.1623,
    "short_p99_response_s": 2202.2318,
    "long_p90_response_s": 871.4757,
    "long_p99_response_s": 2362.0818,
    "max_response_s": 3946.5181,
    "preemption_count": 3163,
    "sla_safe_goodput_per_dollar": 42901.5937
  },
  "ml_rel": {
    "requests": 5880,
    "servers": 4,
    "sim_horizon_s": 3948.2196,
    "mean_response_s": 225.5692,
    "p50_response_s": 5.33,
    "p90_response_s": 837.1031,
    "p99_response_s": 1992.3363,
    "mean_wait_s": 220.2414,
    "p90_wait_s": 826.7222,
    "p99_wait_s": 1972.6063,
    "short_p90_response_s": 574.9708,
    "short_p99_response_s": 1802.6714,
    "long_p90_response_s": 1010.4268,
    "long_p99_response_s": 2179.045,
    "max_response_s": 3948.2196,
    "preemption_count": 3328,
    "conformal_mean_alpha": 0.002,
    "sla_safe_goodput_per_dollar": 33962.2869
  },
  "ml_abs": {
    "requests": 5880,
    "servers": 4,
    "sim_horizon_s": 3949.1686,
    "mean_response_s": 206.0231,
    "p50_response_s": 5.2376,
    "p90_response_s": 854.1908,
    "p99_response_s": 2329.5413,
    "mean_wait_s": 200.6954,
    "p90_wait_s": 844.8717,
    "p99_wait_s": 2312.4113,
    "short_p90_response_s": 484.9326,
    "short_p99_response_s": 2130.4014,
    "long_p90_response_s": 1080.8594,
    "long_p99_response_s": 2379.5434,
    "max_response_s": 3949.1686,
    "preemption_count": 3169,
    "sla_safe_goodput_per_dollar": 42810.6947
  },
  "fifo_goodput_per_dollar": 6528.7582,
  "oracle_goodput_per_dollar": 48598.8152,
  "global_rel_goodput_per_dollar": 34003.5994,
  "global_abs_goodput_per_dollar": 42901.5937,
  "ml_rel_goodput_per_dollar": 33962.2869,
  "ml_abs_goodput_per_dollar": 42810.6947,
  "oracle_delta_pct": 644.38,
  "global_rel_delta_pct": 420.83,
  "global_abs_delta_pct": 557.12,
  "ml_rel_delta_pct": 420.2,
  "ml_abs_delta_pct": 555.72,
  "global_abs_retention_pct": 88.28,
  "ml_abs_retention_pct": 88.09,
  "ml_abs_vs_global_abs_pct": -0.21,
  "ml_abs_vs_ml_rel_pct": 26.05,
  "shadow_tag": "shadow_only_simulator_result_not_production_savings"
}